{
  "resolution": 2,
  "model": "ours",
  "loader": "colmap",
  "white_background": false,
  "random_background": false,
  "densify": 3,
  "rdpip": "train_ours_full",
  "rgbfunction": "sandwich",
  "preprocesspoints": 0,
  "scaling_lr": 0.0023751750713631426,
  "opacity_lr": 0.03861699103250512,
  "mask_lr": 0.0031154504353651797,
  "net_lr": 0.001,
  "iterations": 45000,
  "duration": 6,
  "max_hashmap": 16,
  "rvq_size_geo": 1024,
  "rvq_num_geo": 3,
  "rvq_size_temp": 512,
  "rvq_num_temp": 5,
  "desicnt": 9,
  "densify_grad_threshold": 0.0004256371842027483,
  "densify_until_iter": 22000,
  "gnumlimit": 1700000,
  "mask_prune_iter": 1500,
  "lambda_mask": 0.0011360214520485556,
  "lambda_dssim": 0.39345055932923045,
  "emsstart": 15000,
  "rvq_iter": 43000,
  "net_lr_step": [
    4500,
    9000,
    13500,
    18000,
    22500,
    27000,
    31500,
    36000,
    40500
  ]
}