{  
  "resolution": 1,  
  "model": "ours",  
  "loader": "colmap",  
  "white_background": false,  
  "random_background": true,  
  "densify": 3,  
  "rdpip": "train_ours_full",  
  "rgbfunction": "sandwich",  
  "preprocesspoints": 0,  
  "scaling_lr": 0.0018618201041041586,  
  "opacity_lr": 0.024465517353750445,  
  "mask_lr": 0.004098139415845852,  
  "net_lr": 0.001,  
  "iterations": 45000,  
  "duration": 15,  
  "max_hashmap": 15,  
  "rvq_size_geo": 1024,  
  "rvq_num_geo": 5,  
  "rvq_size_temp": 512,  
  "rvq_num_temp": 4,  
  "desicnt": 12,  
  "densify_grad_threshold": 0.0002177149416375073,  
  "densify_until_iter": 12000,  
  "gnumlimit": 600000,  
  "mask_prune_iter": 500,  
  "lambda_mask": 0.000981896605820975,  
  "lambda_dssim": 0.22598205518378794,  
  "emsstart": 8000,  
  "rvq_iter": 39000,  
  "net_lr_step": [  
    4500,  
    9000,  
    13500,  
    18000,  
    22500,  
    27000,  
    31500,  
    36000  
  ]  
}