{
  "resolution": 1,
  "model": "ours",
  "loader": "technicolor",
  "holdout_cam": "stride",
  "white_background": false,
  "random_background": false,
  "scaling_lr": 0.0028733965815224485,
  "trbfslinit": 2.0,
  "preprocesspoints": 3,
  "iterations": 45000,
  "test_iteration": 45000,
  "densify": 3,
  "desicnt": 9,
  "duration": 50,
  "rgbfunction": "sandwichnoact",
  "rdpip": "train_ours_full",
  "max_hashmap": 16,
  "rvq_size_geo": 512,
  "rvq_num_geo": 5,
  "rvq_size_temp": 512,
  "rvq_num_temp": 4,
  "mask_prune_iter": 1250,
  "rvq_iter": 39000,
  "mask_lr": 0.007090932178194616,
  "net_lr": 0.001,
  "net_lr_step": [
    4500,
    9000,
    13500,
    18000,
    22500,
    27000,
    31500,
    36000,
    40500
  ],
  "lambda_mask": 0.0002269224093202462,
  "opacity_lr": 0.03937897675857916,
  "densify_grad_threshold": 0.0001205404289918306,
  "gnumlimit": 900000,
  "densify_until_iter": 9000,
  "lambda_dssim": 0.14492509052908306,
  "emsstart": 6000
}