{
  "resolution": 1,
  "model": "ours",
  "scaling_lr": 0.0006824609843853072,
  "trbfslinit": 2.0,
  "preprocesspoints": 3,
  "iterations": 45000,
  "test_iteration": 45000,
  "densify": 3,
  "desicnt": 9,
  "duration": 195,
  "rgbfunction": "sandwichnoact",
  "loader": "technicolor",
  "rdpip": "train_ours_full",
  "holdout_cam": "stride",
  "white_background": false,
  "random_background": false,
  "lambda_alpha": 0.1585464336867516,
  "max_hashmap": 17,
  "rvq_size_geo": 256,
  "rvq_num_geo": 4,
  "rvq_size_temp": 256,
  "rvq_num_temp": 3,
  "mask_prune_iter": 1500,
  "rvq_iter": 39000,
  "mask_lr": 0.007126582239713602,
  "net_lr": 0.001,
  "net_lr_step": [
    4500,
    9000,
    13500,
    18000,
    22500,
    27000,
    31500,
    36000,
    40500
  ],
  "lambda_mask": 0.00023225490039051523,
  "opacity_lr": 0.023246728489504348,
  "densify_grad_threshold": 0.00035384612595255167,
  "gnumlimit": 600000,
  "densify_until_iter": 11000,
  "lambda_dssim": 0.15115723710618748,
  "emsstart": 10000
}